route_id,marca,direction_id,stop_sequence,stop_name,lat,lon,recorrido_m,desvio_m
1132,URBANITO,0,1,AV OSCAR BENAVIDES-AV. UNIVERS,-12.050186,-77.077575,1707,7
1132,URBANITO,0,2,AV OSCAR BENAVIDES-PUENTE PEAT,-12.049631,-77.074233,2077,2
1132,URBANITO,0,3,AV OSCAR BENAVIDES-AV. ARRIETA,-12.049470,-77.072136,2306,6
1132,URBANITO,0,4,AV OSCAR BENAVIDES-LUIS BRAILE,-12.048920,-77.067361,2829,3
1132,URBANITO,0,5,AV OSCAR BENAVIDES-AV. NICOLAS,-12.048702,-77.065027,3084,4
1132,URBANITO,0,6,AV OSCAR BENAVIDES-NACIONES UN,-12.048137,-77.059484,3691,4
1132,URBANITO,0,7,AV OSCAR BENAVIDES-TINGO MARIA,-12.047608,-77.054044,4286,7
1132,URBANITO,0,8,AV OSCAR BENAVIDES-CARCAMO,-12.047241,-77.050727,4650,2
1132,URBANITO,0,9,AV OSCAR BENAVIDES-PASCAMAYO,-12.046833,-77.046805,5079,3
1132,URBANITO,0,10,AV OSCAR BENAVIDES-HUAROCHIRI,-12.046590,-77.044178,5366,5
1132,URBANITO,0,11,PLAZA 2 DE MAYO,-12.046501,-77.043275,5466,2
1132,URBANITO,0,12,NICOLAS DE PIEROLA-CAÃ‘ETE,-12.047559,-77.041019,5756,0
1132,URBANITO,0,13,NICOLAS DE PIEROLA-TACNA,-12.048805,-77.039093,6007,1
1132,URBANITO,0,14,NICOLA DE PIEROLA-CAMANA,-12.050774,-77.036107,6398,2
1132,URBANITO,0,15,NICOLAS DE PIEROLA - PLAZA SAN,-12.051295,-77.035260,6507,1
1132,URBANITO,0,16,NICOLAS DE PIEROLA-LAMPA,-12.052729,-77.033047,6895,1
1132,URBANITO,0,17,NICOLAS DE PIEROLA-ABANCAY,-12.054472,-77.030406,7242,3
1132,URBANITO,0,18,NICOLAS DE PIEROLA-ANDAHUAYLAS,-12.056777,-77.026839,7706,2
1132,URBANITO,0,19,NICOLAS DE PIEROLA-AV GRAU,-12.058194,-77.024667,7989,1
1132,URBANITO,0,20,AV. GRAU/HOSPITAL,-12.058270,-77.022200,8270,2
1132,URBANITO,0,21,AV. GRAU-LUCANAS,-12.057919,-77.019603,8556,1
1132,URBANITO,0,22,PROLONGACION HUANUCO-28 DE JULIO,-12.061425,-77.015515,9860,11
1132,URBANITO,0,23,LUCANAS-BAUZATE Y MEZA,-12.063230,-77.018720,9862,404
1132,URBANITO,0,24,BAUSATE Y MEZA-PARINACOCHAS,-12.063099,-77.017836,9862,316
1132,URBANITO,0,25,BAUZATE Y MEZA-LUIS GIRIVALDI,-12.062961,-77.016856,9862,229
1132,URBANITO,0,26,BAUZATE Y MEZA-HUANUCO,-12.062777,-77.015469,9862,160
1132,URBANITO,0,27,PROLONGACION HUANUCO-28 DE JULIO,-12.060947,-77.015694,9901,7
1132,URBANITO,1,1,LUCANAS-28 DE JULIO,-12.061769,-77.018976,29,364
1132,URBANITO,1,2,PROLONGACION HUANUCO-JR. GARCI,-12.060119,-77.016004,77,4
1132,URBANITO,1,3,PROLONGACION HUANUCO-AV GRAU,-12.057664,-77.017345,389,1
1132,URBANITO,1,4,AV GRAU-JIRON APTAO,-12.058036,-77.023177,1050,2
1132,URBANITO,1,5,NICOLAS DE PIEROLA-JR ANDAHUAI,-12.056693,-77.026773,1494,0
1132,URBANITO,1,6,NICOLAS DE PIEROLA-AV. ABANCAY,-12.054677,-77.029848,1896,3
1132,URBANITO,1,7,NICOLAS DE PIEROLA-JR LAMPA,-12.052694,-77.032901,2294,4
1132,URBANITO,1,8,NICOLAS DE PIEROLA-PLAZA SAN M,-12.051988,-77.033906,2429,7
1132,URBANITO,1,9,NICOLAS DE PIEROLA-TACNA,-12.048817,-77.038814,3178,5
1132,URBANITO,1,10,NICOLAS DE PIEROLA-JR CAÃ‘ETE,-12.047499,-77.040887,3447,3
1132,URBANITO,1,11,PLAZA DOS DE MAYO,-12.046648,-77.042220,3620,3
1132,URBANITO,1,12,AV OSCAR BENAVIDES-HUAROCHIRI,-12.046393,-77.044013,3883,5
1132,URBANITO,1,13,AV OSCAR BENAVIDES-PASCAMAYO,-12.046678,-77.046720,4180,4
1132,URBANITO,1,14,AV OSCAR BENAVIDES-CARCAMO,-12.047086,-77.050562,4600,3
1132,URBANITO,1,15,AV OSCAR BENAVIDES-TINGO MARIA,-12.047398,-77.053618,4935,0
1132,URBANITO,1,16,AV OSCAR BENAVIDES-NACIONES UN,-12.047980,-77.059263,5553,1
1132,URBANITO,1,17,AV OSCAR BENAVIDES-AV. NICOLAS,-12.048534,-77.064794,6158,0
1132,URBANITO,1,18,AV OSCAR BENAVIDES-LUIS BRAILE,-12.048667,-77.067158,6416,13
1132,URBANITO,1,19,AV OSCAR BENAVIDES-AV. ARRIETA,-12.049271,-77.071964,6943,2
1132,URBANITO,1,20,AV OSCAR BENAVIDES-PUENTE PEAT,-12.049531,-77.074575,7229,2
1132,URBANITO,1,21,AV OSCAR BENAVIDES-AV. UNIVERS,-12.049846,-77.077893,7592,0
1132SX,AERODIRECTO CENTRO,0,1,EMBARQUE AEROPUERTO,-12.031243,-77.116532,0,264
1132SX,AERODIRECTO CENTRO,0,2,HOSP. SAN JOSE,-12.041888,-77.099129,4651,9
1132SX,AERODIRECTO CENTRO,0,3,ARG - FAUCETT,-12.048163,-77.098535,5365,6
1132SX,AERODIRECTO CENTRO,0,4,AV. O. BENAVIDES - AV. UNIVERSITARIA,-12.048163,-77.098535,5365,6
1132SX,AERODIRECTO CENTRO,0,5,AV. O. BENAVIDES - AV. ARRIETA,-12.048163,-77.098535,5365,6
1132SX,AERODIRECTO CENTRO,0,6,AV. O. BENAVIDES - AV. N. DUEÑAS,-12.048710,-77.064735,10092,8
1132SX,AERODIRECTO CENTRO,0,7,AV. O. BENAVIDES - AV. TINGO MARIA,-12.047631,-77.054306,11233,6
1132SX,AERODIRECTO CENTRO,0,8,2 DE MAYO,-12.046571,-77.043702,12394,8
1132SX,AERODIRECTO CENTRO,0,9,AV. N. DE PIEROLA - AV. TACNA,-12.048616,-77.039489,12935,6
1132SX,AERODIRECTO CENTRO,0,10,PLAZA SAN MARTIN,-12.051291,-77.035339,13475,5
1132SX,AERODIRECTO CENTRO,1,1,PLAZA SAN MARTIN,-12.051115,-77.035016,0,70
1132SX,AERODIRECTO CENTRO,1,2,AV. N. DE PIEROLA - AV. TACNA,-12.048839,-77.038697,407,10
1132SX,AERODIRECTO CENTRO,1,3,AV. N. DE PIEROLA - JR. ANGARAES,-12.046879,-77.041852,813,3
1132SX,AERODIRECTO CENTRO,1,4,AV. O. BENAVIDES - AV. TINGO MARIA,-12.047352,-77.053647,2178,6
1132SX,AERODIRECTO CENTRO,1,5,AV. O. BENAVIDES - AV. N. DUEÑAS,-12.048477,-77.064709,3389,6
1132SX,AERODIRECTO CENTRO,1,6,AV. O. BENAVIDES - AV. ARRIETA,-12.049229,-77.071903,4176,6
1132SX,AERODIRECTO CENTRO,1,7,AV. O. BENAVIDES - AV. UNIVERSITARIA,-12.049774,-77.077808,4822,6
1132SX,AERODIRECTO CENTRO,1,8,ARG - FAUCETT,-12.048313,-77.098090,7409,5
1132SX,AERODIRECTO CENTRO,1,9,HOSP. SAN JOSE,-12.041490,-77.098873,8218,9
1132SX,AERODIRECTO CENTRO,1,10,QUILCA,-12.038478,-77.098978,8556,10
1132SX,AERODIRECTO CENTRO,1,11,COMISARIA,-12.037186,-77.112111,11626,4
1132SX,AERODIRECTO CENTRO,1,12,DESEMBARQUE AEROPUERTO,-12.031384,-77.114457,12286,149
1180,NUEVA AMERICA,0,1,Pdro. Mercado,-11.851300,-77.002523,275,1
1180,NUEVA AMERICA,0,2,Pdro. Parque el Rey,-11.853206,-77.003287,501,3
1180,NUEVA AMERICA,0,3,Pdro. Entrada,-11.854330,-77.003586,630,4
1180,NUEVA AMERICA,0,4,Pdro. Chimpum Callao,-11.855970,-77.003905,813,3
1180,NUEVA AMERICA,0,5,Pdro. Entrada Huacoy,-11.857917,-77.004299,1035,7
1180,NUEVA AMERICA,0,6,Pdro. Gran Cambio,-11.858703,-77.004783,1142,10
1180,NUEVA AMERICA,0,7,Pdro. San Antonio,-11.860478,-77.006387,1404,5
1180,NUEVA AMERICA,0,8,Pdro. Grifo Rosbell,-11.863342,-77.007996,1771,8
1180,NUEVA AMERICA,0,9,Pdro. Huascarán,-11.864096,-77.008692,1883,5
1180,NUEVA AMERICA,0,10,Pdro. Escalera,-11.865255,-77.010567,2128,6
1180,NUEVA AMERICA,0,11,Pdro. 21,-11.870315,-77.013872,2801,5
1180,NUEVA AMERICA,0,12,Pdro. 03,-11.871607,-77.014591,2964,2
1180,NUEVA AMERICA,0,13,Pdro. Manuel Prado,-11.873293,-77.015560,3178,1
1180,NUEVA AMERICA,0,14,Pdro. José M Arguedas,-11.874475,-77.016235,3328,1
1180,NUEVA AMERICA,0,15,Pdro. Posta Médica,-11.875527,-77.016793,3459,4
1180,NUEVA AMERICA,0,16,Pdro. Pro Empresa,-11.876565,-77.017249,3584,3
1180,NUEVA AMERICA,0,17,Pdro. La Cumbre,-11.878106,-77.018215,3787,3
1180,NUEVA AMERICA,0,18,Pdro. 19,-11.880584,-77.021314,4229,4
1180,NUEVA AMERICA,0,19,Pdro. Chaperito,-11.881764,-77.023336,4485,6
1180,NUEVA AMERICA,0,20,Pdro. Cedros,-11.883052,-77.023829,4636,5
1180,NUEVA AMERICA,0,21,Pdro. Chifa,-11.887281,-77.023733,5117,4
1180,NUEVA AMERICA,0,22,Pdro. Merino Reyna,-11.890203,-77.026844,5587,5
1180,NUEVA AMERICA,0,23,Pdro. Entrada Hacienda,-11.893082,-77.028685,5962,4
1180,NUEVA AMERICA,0,24,Pdro. Pollo Machi,-11.896568,-77.029779,6366,7
1180,NUEVA AMERICA,0,25,Pdro. 1ra escalera La Flor,-11.897853,-77.030124,6513,7
1180,NUEVA AMERICA,0,26,Pdro. Casablanca,-11.898593,-77.030306,6597,6
1180,NUEVA AMERICA,0,27,Pdro. Juan Pablo,-11.900975,-77.030648,6862,4
1180,NUEVA AMERICA,0,28,Pdro. Establo,-11.903618,-77.030752,7156,5
1180,NUEVA AMERICA,0,29,Pdro. Ent. Santa Isabel,-11.905086,-77.031359,7333,5
1180,NUEVA AMERICA,0,30,Pdro. Ent. San Felipe,-11.908227,-77.034097,7816,9
1180,NUEVA AMERICA,0,31,Pdro. San Carlos,-11.910146,-77.037812,8277,8
1180,NUEVA AMERICA,0,32,Pdro. Hosp. Collique,-11.913706,-77.039753,8723,5
1180,NUEVA AMERICA,0,33,Pdro. Entrada Collique,-11.915856,-77.040882,8990,4
1180,NUEVA AMERICA,0,34,Pdro. Grifo Año Nuevo,-11.920417,-77.041981,9509,6
1180,NUEVA AMERICA,0,35,Pdro. Velasco,-11.924585,-77.042617,9974,5
1180,NUEVA AMERICA,0,36,Pdro. Jamaica,-11.929539,-77.043901,10547,7
1180,NUEVA AMERICA,0,37,Pdro. METRO Comas,-11.931724,-77.045157,10827,3
1180,NUEVA AMERICA,0,38,Pdro. Plaza Vea La Pascana,-11.932892,-77.046157,10996,5
1180,NUEVA AMERICA,0,39,Pdro. Mdo. Chacra Cerro,-11.936658,-77.048908,11532,5
1180,NUEVA AMERICA,0,40,Pdro. Belaunde,-11.940350,-77.050394,11976,6
1180,NUEVA AMERICA,0,41,Pdro. Banco de la Nacion,-11.945302,-77.050418,12525,5
1180,NUEVA AMERICA,0,42,Pdro. RENIEC,-11.947747,-77.049796,12804,5
1180,NUEVA AMERICA,0,43,Pdro. Puno,-11.952496,-77.051398,13415,5
1180,NUEVA AMERICA,0,44,Pdro. España,-11.955751,-77.052530,13795,6
1180,NUEVA AMERICA,0,45,Pdro. Mega 80,-11.962329,-77.054732,14561,5
1180,NUEVA AMERICA,0,46,Pdro. Politecnico,-11.965840,-77.055894,14969,4
1180,NUEVA AMERICA,0,47,Pdro. La Merced,-11.971027,-77.057623,15590,8
1180,NUEVA AMERICA,0,48,Pdro. La 50,-11.976164,-77.059436,16208,4
1180,NUEVA AMERICA,0,49,Pdro. Estacion,-11.980347,-77.059476,16689,9
1180,NUEVA AMERICA,0,50,Pdro. Inca Kola,-11.982942,-77.058926,16982,9
1180,NUEVA AMERICA,0,51,Pdro. Izaguirre,-11.988929,-77.057502,17729,5
1180,NUEVA AMERICA,0,52,Pdro. Plaza Vea Izaguirre,-11.989664,-77.062437,18272,6
1180,NUEVA AMERICA,0,53,Pdro. Cruce Panamericana,-11.990898,-77.064445,18657,7
1180,NUEVA AMERICA,0,54,Pdro. MegaPlaza,-11.994452,-77.063755,19063,32
1180,NUEVA AMERICA,0,55,Pdro. SENATI,-11.998480,-77.062881,19518,7
1180,NUEVA AMERICA,0,56,Pdro. Angelica Gamarra,-12.003597,-77.062190,20090,3
1180,NUEVA AMERICA,0,57,Pdro. Plaza Norte,-12.006897,-77.061896,20466,6
1180,NUEVA AMERICA,0,58,Pdro. Britanico,-12.015497,-77.060239,21447,10
1180,NUEVA AMERICA,0,59,Pdro. 2da Palao,-12.018421,-77.059769,21774,9
1180,NUEVA AMERICA,0,60,Pdro. Grifo Palao,-12.022010,-77.059324,22174,18
1180,NUEVA AMERICA,0,61,Pdro. Cayetano,-12.026105,-77.058795,22633,6
1180,NUEVA AMERICA,0,62,Pdro. Concejo,-12.030930,-77.056787,23236,7
1180,NUEVA AMERICA,0,63,Pdro. Puente Control,-12.033469,-77.053511,23690,7
1180,NUEVA AMERICA,0,64,Pdro. Pocitos,-12.035720,-77.047522,24387,6
1180,NUEVA AMERICA,0,65,Pdro. Hosp. Loayza,-12.050604,-77.042594,26290,9
1180,NUEVA AMERICA,0,66,Pdro. METRO Alf. Ugarte,-12.054059,-77.042280,26673,5
1180,NUEVA AMERICA,0,67,Pdro. Plaza Bolognesi,-12.059510,-77.041809,27280,15
1180,NUEVA AMERICA,0,68,Pdro. Don Bosco,-12.062582,-77.043564,27711,3
1180,NUEVA AMERICA,0,69,Pdro. Hosp. Niño,-12.065026,-77.045582,28059,4
1180,NUEVA AMERICA,0,70,Pdro. Cdra 09 Brasil,-12.068983,-77.048826,28621,2
1180,NUEVA AMERICA,0,71,Pdro. Cdra 12 Brasil,-12.071931,-77.051250,29040,1
1180,NUEVA AMERICA,0,72,Pdro. Cdra. 15 Brasil,-12.074876,-77.053706,29464,6
1180,NUEVA AMERICA,0,73,Pdro. Cdra. 18 Brasil,-12.078426,-77.056625,29969,8
1180,NUEVA AMERICA,0,74,Pdro. Ã“valo Brasil,-12.080362,-77.058217,30244,8
1180,NUEVA AMERICA,0,75,Pdro. Colegio de Jesus,-12.082366,-77.059875,30530,6
1180,NUEVA AMERICA,0,76,Pdro. Hospital de Policia,-12.084254,-77.061427,30798,6
1180,NUEVA AMERICA,0,77,Pdro. Javier Prado,-12.089539,-77.065793,31551,6
1180,NUEVA AMERICA,0,78,Pdro. Botica Venus,-12.093813,-77.069302,32159,6
1180,NUEVA AMERICA,0,79,Pdro. Cdra. 40 Brasil,-12.096431,-77.071451,32531,6
1180,NUEVA AMERICA,0,80,Pdro. Cdra. 02 Av. Ejercito,-12.097650,-77.070619,32797,5
1180,NUEVA AMERICA,0,81,Pdro. D'Galia,-12.097997,-77.069576,32917,2
1180,NUEVA AMERICA,0,82,Pdro. Hosp. Larco Herrera,-12.099077,-77.066424,33280,1
1180,NUEVA AMERICA,0,83,Pdro. Bajada Marbella,-12.100419,-77.062649,33717,4
1180,NUEVA AMERICA,0,84,Pdro. Juan de Aliaga,-12.101012,-77.061055,33902,4
1180,NUEVA AMERICA,0,85,Pdro. Salaverry,-12.102681,-77.058695,34226,4
1180,NUEVA AMERICA,0,86,Pdro. Orrantia,-12.104797,-77.056742,34542,5
1180,NUEVA AMERICA,0,87,Pdro. Posta,-12.106331,-77.055317,34772,5
1180,NUEVA AMERICA,0,88,Pdro. Mercado,-12.108164,-77.053642,35044,7
1180,NUEVA AMERICA,0,89,Pdro. Toyota,-12.110914,-77.050841,35475,6
1180,NUEVA AMERICA,0,90,Pdro. Santa Natura,-12.113840,-77.047964,35935,5
1180,NUEVA AMERICA,0,91,Pdro. Cdra 06,-12.115291,-77.046513,36160,4
1180,NUEVA AMERICA,0,92,Pdro. Grifo PRIMAX,-12.116706,-77.045125,36377,4
1180,NUEVA AMERICA,0,93,Pdro. Centro America,-12.118719,-77.043167,36685,3
1180,NUEVA AMERICA,0,94,Pdro. Ovalo Pardo,-12.119134,-77.040677,37012,6
1180,NUEVA AMERICA,0,95,Pdro. Comandante Espinar,-12.119175,-77.037250,37409,9
1180,NUEVA AMERICA,0,96,Pdro. Tropicana,-12.119189,-77.034942,37660,7
1180,NUEVA AMERICA,0,97,Pdro. Banco Interbank,-12.119215,-77.033027,37869,8
1180,NUEVA AMERICA,0,98,Pdro. Ovalo Miraflores,-12.119250,-77.029543,38248,8
1180,NUEVA AMERICA,0,99,Pdro. Ricardo Palma,-12.119242,-77.026280,38647,5
1180,NUEVA AMERICA,0,100,Pdro. Diez Canseco,-12.121949,-77.025291,38983,5
1180,NUEVA AMERICA,0,101,Pdro. Benavides,-12.125074,-77.024497,39339,1
1180,NUEVA AMERICA,0,102,Pdro. CityBank,-12.125876,-77.021227,39724,3
1180,NUEVA AMERICA,0,103,Pdro. Republica de Panama,-12.126338,-77.018293,40047,4
1180,NUEVA AMERICA,0,104,Pdro. Cdra. 18 Benavides,-12.127139,-77.013203,40608,5
1180,NUEVA AMERICA,0,105,Pdro. La Merced,-12.127664,-77.009799,40983,4
1180,NUEVA AMERICA,0,106,Pdro. Cdra. 24 Benavides,-12.127998,-77.007689,41216,5
1180,NUEVA AMERICA,0,107,Pdro. Rancho,-12.128334,-77.005662,41440,6
1180,NUEVA AMERICA,0,108,Pdro. Ovalo Higuereta,-12.128915,-77.001915,41853,5
1180,NUEVA AMERICA,0,109,Pdro. Puente Peatonal,-12.128810,-76.998243,42291,7
1180,NUEVA AMERICA,0,110,Pdro. Banco de la Nacion,-12.128642,-76.996215,42515,7
1180,NUEVA AMERICA,0,111,Pdro. Ayacucho,-12.128396,-76.993141,42851,6
1180,NUEVA AMERICA,0,112,Pdro. Manuel Herrera,-12.128303,-76.992045,42970,6
1180,NUEVA AMERICA,0,113,Pdro. Trigal,-12.127977,-76.987994,43413,7
1180,NUEVA AMERICA,0,114,Pdro. Wong,-12.129570,-76.982774,44015,7
1180,NUEVA AMERICA,0,115,Pdro. Univ. Ricardo Palma,-12.130860,-76.979313,44418,7
1180,NUEVA AMERICA,0,116,Pdro. Pasaje,-12.135452,-76.976289,45157,4
1180,NUEVA AMERICA,0,117,Pdro. Cerro Bello,-12.138004,-76.975233,45462,4
1180,NUEVA AMERICA,0,118,Pdro. Mercado,-12.140392,-76.975053,45732,6
1180,NUEVA AMERICA,0,119,Pdro. PEBAL,-12.144443,-76.973174,46232,4
1180,NUEVA AMERICA,0,120,Pdro. Caravel,-12.145396,-76.972304,46374,4
1180,NUEVA AMERICA,0,121,Pdro. Grifo,-12.146561,-76.971272,46544,7
1180,NUEVA AMERICA,0,122,Pdro. Pileta,-12.148148,-76.969856,46778,7
1180,NUEVA AMERICA,0,123,Pdro. 02,-12.147551,-76.968520,46962,6
1180,NUEVA AMERICA,0,124,Pdro. Comisaria,-12.146888,-76.967758,47072,6
1180,NUEVA AMERICA,0,125,Pdro. Parque,-12.145520,-76.966312,47291,4
1180,NUEVA AMERICA,0,126,Pdro. Capilla,-12.144946,-76.965711,47382,5
1180,NUEVA AMERICA,0,127,Pdro. 11,-12.143491,-76.964516,47588,5
1180,NUEVA AMERICA,0,128,Pdro. 12,-12.142250,-76.963972,47737,4
1180,NUEVA AMERICA,0,129,Pdro. 13,-12.141575,-76.963677,47818,5
1180,NUEVA AMERICA,0,130,Pdro. 14,-12.140448,-76.962866,47973,4
1180,NUEVA AMERICA,0,131,Pdro. 15,-12.140059,-76.962534,48030,6
1180,NUEVA AMERICA,0,132,Pdro. 16,-12.139714,-76.962270,48077,5
1180,NUEVA AMERICA,0,133,Pdro. 17 (Gruta),-12.138983,-76.961678,48181,5
1180,NUEVA AMERICA,0,134,Pdro. 18,-12.138222,-76.961064,48288,5
1180,NUEVA AMERICA,0,135,Pdro. 19,-12.137459,-76.960446,48396,5
1180,NUEVA AMERICA,0,136,Pdro. 20,-12.136692,-76.959832,48504,5
1180,NUEVA AMERICA,1,1,Terminal Plamplona,-12.125398,-76.950696,0,24
1180,NUEVA AMERICA,1,2,Prdo.Inicial Pamplona,-12.125331,-76.950760,0,25
1180,NUEVA AMERICA,1,3,TERMINAL TUPAC AMARU 84,-12.124740,-76.950150,0,117
1180,NUEVA AMERICA,1,4,Pdro. 01,-12.126057,-76.951270,73,1
1180,NUEVA AMERICA,1,5,Pdro. 02,-12.126917,-76.951776,183,4
1180,NUEVA AMERICA,1,6,Pdro. 03,-12.127512,-76.952077,256,4
1180,NUEVA AMERICA,1,7,Pdro. 04,-12.127546,-76.952021,257,3
1180,NUEVA AMERICA,1,8,Pdro. 04,-12.127556,-76.952040,259,2
1180,NUEVA AMERICA,1,9,Pdro. 03,-12.128987,-76.952912,443,6
1180,NUEVA AMERICA,1,10,Pdro. 03,-12.129032,-76.952943,449,7
1180,NUEVA AMERICA,1,11,Pdro. 04,-12.129106,-76.953107,466,3
1180,NUEVA AMERICA,1,12,Pdro. Llanteria,-12.130423,-76.953735,625,9
1180,NUEVA AMERICA,1,13,Pdro. Llanteria,-12.130449,-76.953781,630,7
1180,NUEVA AMERICA,1,14,Pdro. 05,-12.130412,-76.953826,630,1
1180,NUEVA AMERICA,1,15,Pdro. 06,-12.130890,-76.954287,703,2
1180,NUEVA AMERICA,1,16,Pdro. Pasaje,-12.130986,-76.954270,710,6
1180,NUEVA AMERICA,1,17,Pdro. Mdo. Arguedas,-12.131375,-76.954699,773,3
1180,NUEVA AMERICA,1,18,Pdro. Mdo. Arguedas,-12.131446,-76.954852,794,5
1180,NUEVA AMERICA,1,19,Pdro. Cadena,-12.131816,-76.955953,929,2
1180,NUEVA AMERICA,1,20,Pdro. Cadena,-12.131934,-76.955980,940,6
1180,NUEVA AMERICA,1,21,Pdro. 24 San Juan,-12.132722,-76.956742,1060,4
1180,NUEVA AMERICA,1,22,Pdro. 24,-12.132856,-76.956766,1073,3
1180,NUEVA AMERICA,1,23,Pdro. 22 San Juan,-12.134776,-76.958561,1372,6
1180,NUEVA AMERICA,1,24,Pdro. 20 San Juan,-12.136485,-76.959915,1612,4
1180,NUEVA AMERICA,1,25,Pdro. 19 San Juan,-12.137209,-76.960505,1714,5
1180,NUEVA AMERICA,1,26,Pdro. 18 San Juan,-12.137969,-76.961115,1821,4
1180,NUEVA AMERICA,1,27,Pdro. 17 San Juan,-12.138729,-76.961724,1928,4
1180,NUEVA AMERICA,1,28,Pdro. 16 San Juan,-12.139479,-76.962313,2033,4
1180,NUEVA AMERICA,1,29,Pdro. 14 San Juan,-12.140073,-76.962790,2117,5
1180,NUEVA AMERICA,1,30,Pdro. 13 San Juan,-12.141166,-76.963658,2270,3
1180,NUEVA AMERICA,1,31,Pdro. 11 San Juan,-12.143106,-76.964517,2504,4
1180,NUEVA AMERICA,1,32,Pdro. Capilla,-12.144797,-76.965808,2740,3
1180,NUEVA AMERICA,1,33,Pdro. El Parque,-12.145473,-76.966471,2844,2
1180,NUEVA AMERICA,1,34,Pdro. Comisaria,-12.146659,-76.967734,3034,0
1180,NUEVA AMERICA,1,35,Pdro. 02 San Juan,-12.147302,-76.968470,3141,1
1180,NUEVA AMERICA,1,36,Pdro. Pista Nueva,-12.147582,-76.969661,3325,6
1180,NUEVA AMERICA,1,37,Pdro. Av. Central,-12.146512,-76.970633,3484,5
1180,NUEVA AMERICA,1,38,Pdro. Caravel,-12.145346,-76.971679,3656,6
1180,NUEVA AMERICA,1,39,Pdro. PEBAL,-12.144361,-76.972583,3803,6
1180,NUEVA AMERICA,1,40,Pdro. Cerro Bello,-12.138062,-76.975005,4585,2
1180,NUEVA AMERICA,1,41,Pdro. Pasaje,-12.135480,-76.976088,4895,6
1180,NUEVA AMERICA,1,42,Pdro. Pte. Benavides,-12.131352,-76.976598,5359,10
1180,NUEVA AMERICA,1,43,Pdro. Caminos del Inca,-12.129766,-76.981492,6198,7
1180,NUEVA AMERICA,1,44,Pdro. Batallan Callao,-12.128497,-76.984909,6595,8
1180,NUEVA AMERICA,1,45,Pdro. Velazco Astete,-12.127781,-76.987070,6843,4
1180,NUEVA AMERICA,1,46,Pdro. Grifo Primax,-12.128008,-76.991375,7312,5
1180,NUEVA AMERICA,1,47,Pdro. Banco de la Nacion,-12.128385,-76.995831,7799,4
1180,NUEVA AMERICA,1,48,Pdro. Mercado Eden,-12.128550,-76.997846,8019,3
1180,NUEVA AMERICA,1,49,Pdro. Ov. Higuereta,-12.128723,-77.000260,8282,3
1180,NUEVA AMERICA,1,50,Pdro. Colegio,-12.128425,-77.003625,8693,2
1180,NUEVA AMERICA,1,51,Pdro. La Merced,-12.127573,-77.009176,9304,2
1180,NUEVA AMERICA,1,52,Pdro. Rovegno,-12.127024,-77.012638,9686,4
1180,NUEVA AMERICA,1,53,Pdro. Rep. Panama,-12.126257,-77.017710,10245,1
1180,NUEVA AMERICA,1,54,Pdro. Juan de la Fuente,-12.125739,-77.020816,10587,5
1180,NUEVA AMERICA,1,55,Pdro. Paseo de la Republica,-12.125328,-77.023577,10891,5
1180,NUEVA AMERICA,1,56,Pdro. La Paz,-12.124851,-77.026725,11238,0
1180,NUEVA AMERICA,1,57,Pdro. Shell,-12.123504,-77.026809,11403,5
1180,NUEVA AMERICA,1,58,Pdro. Diez Canseco,-12.122419,-77.026768,11523,4
1180,NUEVA AMERICA,1,59,Pdro. Cantuarinas,-12.121603,-77.026754,11613,4
1180,NUEVA AMERICA,1,60,Pdro. Esperanza,-12.120587,-77.026726,11726,4
1180,NUEVA AMERICA,1,61,Pdro. Ricardo Palma,-12.119332,-77.026685,11865,4
1180,NUEVA AMERICA,1,62,Pdro. Ovalo Miraflores,-12.119020,-77.028596,12099,2
1180,NUEVA AMERICA,1,63,Pdro. Saga Falabella,-12.119017,-77.030082,12267,1
1180,NUEVA AMERICA,1,64,Pdro. Cuadra 4,-12.118994,-77.032232,12501,2
1180,NUEVA AMERICA,1,65,Pdro. Vivanda,-12.118956,-77.035587,12867,3
1180,NUEVA AMERICA,1,66,Pdro. Ovalo Pardo,-12.118899,-77.039563,13299,6
1180,NUEVA AMERICA,1,67,Pdro. Ovalo Centroamerica,-12.118877,-77.042253,13619,5
1180,NUEVA AMERICA,1,68,Pdro. Cdra. 3,-12.116803,-77.044781,14003,8
1180,NUEVA AMERICA,1,69,Pdro. Cdra. 5,-12.115392,-77.046200,14223,4
1180,NUEVA AMERICA,1,70,Pdro. Cdra. 7,-12.113988,-77.047593,14440,4
1180,NUEVA AMERICA,1,71,Pdro. Cdra. 10,-12.111781,-77.049767,14796,2
1180,NUEVA AMERICA,1,72,Pdro. Toyota,-12.110401,-77.051115,15008,6
1180,NUEVA AMERICA,1,73,Pdro. Posta,-12.107218,-77.054207,15495,7
1180,NUEVA AMERICA,1,74,Pdro. Orrantia,-12.105408,-77.055875,15765,7
1180,NUEVA AMERICA,1,75,Pdro. Salaverry,-12.103096,-77.058033,16113,5
1180,NUEVA AMERICA,1,76,Pdro. Juan de Aliaga,-12.101037,-77.060443,16462,5
1180,NUEVA AMERICA,1,77,Pdro. Hosp. Larco Herrera,-12.099120,-77.065834,17086,4
1180,NUEVA AMERICA,1,78,Pdro. D'Gallia,-12.098315,-77.068253,17364,1
1180,NUEVA AMERICA,1,79,Pdro. Grifo,-12.097286,-77.071167,17701,3
1180,NUEVA AMERICA,1,80,Pdro. Cdra. 40 Brasil,-12.095932,-77.070878,17948,3
1180,NUEVA AMERICA,1,81,Pdro. Botica Venus,-12.094286,-77.069519,18182,3
1180,NUEVA AMERICA,1,82,Pdro. Ricardo Rey Basadre,-12.093395,-77.068812,18308,5
1180,NUEVA AMERICA,1,83,Pdro. Javier Prado,-12.090237,-77.066199,18758,4
1180,NUEVA AMERICA,1,84,Pdro. Hosp. Policia,-12.084882,-77.061780,19521,4
1180,NUEVA AMERICA,1,85,Pdro. Colegio de Jesus,-12.082753,-77.060022,19824,3
1180,NUEVA AMERICA,1,86,Pdro. ovalo Brasil,-12.080913,-77.058517,20086,2
1180,NUEVA AMERICA,1,87,Pdro. Cdra. 18,-12.078934,-77.056872,20369,1
1180,NUEVA AMERICA,1,88,Pdro. Bolivar,-12.075368,-77.053931,20877,3
1180,NUEVA AMERICA,1,89,Pdro. Cdra 12,-12.072391,-77.051474,21301,1
1180,NUEVA AMERICA,1,90,Pdro. Cdra. 09,-12.069424,-77.049028,21723,4
1180,NUEVA AMERICA,1,91,Pdro. Hosp. del Niño,-12.065641,-77.045918,22262,4
1180,NUEVA AMERICA,1,92,Pdro. Bolognesi,-12.060931,-77.042024,22933,4
1180,NUEVA AMERICA,1,93,Pdro. España,-12.058497,-77.041491,23303,10
1180,NUEVA AMERICA,1,94,Pdro. Bolivia,-12.056474,-77.041683,23528,7
1180,NUEVA AMERICA,1,95,Pdro. METRO,-12.054737,-77.041832,23721,8
1180,NUEVA AMERICA,1,96,Pdro. Hosp. Loayza,-12.051127,-77.042162,24121,8
1180,NUEVA AMERICA,1,97,Pdro. Caqueta,-12.036443,-77.043180,26113,4
1180,NUEVA AMERICA,1,98,Pdro. Puente Control,-12.033251,-77.053372,27285,10
1180,NUEVA AMERICA,1,99,Pdro. Habich,-12.030290,-77.056687,27784,17
1180,NUEVA AMERICA,1,100,Pdro. Hospital,-12.025841,-77.058311,28323,12
1180,NUEVA AMERICA,1,101,Pdro. Grifo,-12.022982,-77.058761,28643,14
1180,NUEVA AMERICA,1,102,Pdro. 2da Palao,-12.018691,-77.059491,29124,7
1180,NUEVA AMERICA,1,103,Pdro. Britanico,-12.016591,-77.059739,29358,14
1180,NUEVA AMERICA,1,104,Pdro. Terminal Fiori,-12.009541,-77.060738,30146,8
1180,NUEVA AMERICA,1,105,Pdro. Plaza Norte,-12.006926,-77.061296,30460,13
1180,NUEVA AMERICA,1,106,Pdro. Pilas,-12.003121,-77.061767,30891,8
1180,NUEVA AMERICA,1,107,Pdro. Pilas,-12.003121,-77.061767,30891,8
1180,NUEVA AMERICA,1,108,Pdro. MegaPlaza,-11.994775,-77.063243,31829,5
1180,NUEVA AMERICA,1,109,Pdro. Izaguirre,-11.990650,-77.063505,32291,10
1180,NUEVA AMERICA,1,110,Pdro. Poder Judicial,-11.989547,-77.059950,32739,6
1180,NUEVA AMERICA,1,111,Pdro. Grifo Tupac,-11.989176,-77.057484,33010,6
1180,NUEVA AMERICA,1,112,Pdro. Los Alisos,-11.982743,-77.058200,33783,7
1180,NUEVA AMERICA,1,113,Pdro. Estacion,-11.980498,-77.058787,34039,5
1180,NUEVA AMERICA,1,114,Pdro. La 50,-11.977215,-77.059489,34415,3
1180,NUEVA AMERICA,1,115,Pdro. La Merced,-11.971941,-77.057375,35049,6
1180,NUEVA AMERICA,1,116,Pdro. Politecnico,-11.966460,-77.056010,35699,7
1180,NUEVA AMERICA,1,117,Pdro. Correo,-11.960024,-77.053764,36451,3
1180,NUEVA AMERICA,1,118,Pdro. España,-11.956036,-77.052410,36916,4
1180,NUEVA AMERICA,1,119,Pdro. Puno,-11.953833,-77.051658,37173,4
1180,NUEVA AMERICA,1,120,Pdro. Sta. Rosa,-11.948902,-77.049303,37803,4
1180,NUEVA AMERICA,1,121,Pdro. RENIEC,-11.947676,-77.049611,37943,6
1180,NUEVA AMERICA,1,122,Pdro. Banco de la Nacion,-11.945463,-77.050186,38196,5
1180,NUEVA AMERICA,1,123,Pdro Belaunde,-11.941278,-77.050260,38664,3
1180,NUEVA AMERICA,1,124,Pdro. Mdo. Chacra Cerro,-11.937051,-77.048937,39167,3
1180,NUEVA AMERICA,1,125,Pdro. Pascana,-11.933991,-77.046810,39577,4
1180,NUEVA AMERICA,1,126,Pdro. Plaza Vea,-11.933190,-77.046151,39691,3
1180,NUEVA AMERICA,1,127,Pdro. METRO,-11.931974,-77.045081,39869,6
1180,NUEVA AMERICA,1,128,Pdro. Jamaica,-11.930047,-77.043914,40117,4
1180,NUEVA AMERICA,1,129,Pdro. Velasco,-11.925175,-77.042470,40683,5
1180,NUEVA AMERICA,1,130,Pdro. Grifo Año Nuevo,-11.920996,-77.041871,41150,4
1180,NUEVA AMERICA,1,131,Pdro. San Juan,-11.917534,-77.041236,41540,4
1180,NUEVA AMERICA,1,132,Pdro. Ent. Collique,-11.916433,-77.040920,41667,3
1180,NUEVA AMERICA,1,133,Pdro. Hospital,-11.914167,-77.039791,41948,10
1180,NUEVA AMERICA,1,134,Pdro. Emergencia,-11.912751,-77.039007,42127,8
1180,NUEVA AMERICA,1,135,Pdro. San Carlos,-11.910250,-77.037636,42442,0
1180,NUEVA AMERICA,1,136,Pdro. Entrada San Felipe,-11.908771,-77.034792,42800,3
1180,NUEVA AMERICA,1,137,Pdro. Sta. Isabel,-11.905521,-77.031341,43356,11
1180,NUEVA AMERICA,1,138,Pdro. Establo,-11.903754,-77.030586,43570,8
1180,NUEVA AMERICA,1,139,Pdro. Grifo Santa Rosa,-11.901584,-77.030443,43827,4
1180,NUEVA AMERICA,1,140,Pdro. Escalera La Polvora,-11.899995,-77.030368,44004,4
1180,NUEVA AMERICA,1,141,Pdro. Chimpu Ocllo,-11.899385,-77.030284,44072,4
1180,NUEVA AMERICA,1,142,Pdro. 1ra Escalera,-11.896593,-77.029563,44391,3
1180,NUEVA AMERICA,1,143,Pdro. 2da Escalera,-11.895444,-77.029230,44523,6
1180,NUEVA AMERICA,1,144,Pdro. Entrada Hacienda,-11.893573,-77.028647,44741,7
1180,NUEVA AMERICA,1,145,Pdro. Merino Reyna,-11.890708,-77.026981,45108,4
1180,NUEVA AMERICA,1,146,Pdro. Entrada del Parque,-11.889301,-77.025726,45316,4
1180,NUEVA AMERICA,1,147,Pdro. Chifa,-11.887693,-77.023821,45590,4
1180,NUEVA AMERICA,1,148,Pdro. Entrada Villa Esperanza,-11.885291,-77.023286,45870,4
1180,NUEVA AMERICA,1,149,Pdro. Los Cedros,-11.883596,-77.023588,46061,5
1180,NUEVA AMERICA,1,150,Pdro. Chaperito,-11.882066,-77.023301,46240,3
1180,NUEVA AMERICA,1,151,Pdro. Km.19,-11.880936,-77.021635,46466,4
1180,NUEVA AMERICA,1,152,Pdro. Mdo. La Cumbre,-11.878371,-77.018195,46942,4
1180,NUEVA AMERICA,1,153,Pdro. 2da Escalera,-11.877438,-77.017456,47072,4
1180,NUEVA AMERICA,1,154,Pdro. Pro Empresa,-11.876870,-77.017168,47142,5
1180,NUEVA AMERICA,1,155,Pdro. Pollo,-11.875790,-77.016693,47272,5
1180,NUEVA AMERICA,1,156,Pdro. Comisaria,-11.874833,-77.016222,47390,4
1180,NUEVA AMERICA,1,157,Pdro. Manuel Prado,-11.873832,-77.015646,47518,6
1180,NUEVA AMERICA,1,158,Pdro. Leon,-11.870908,-77.013967,47889,5
1180,NUEVA AMERICA,1,159,Pdro. Km. 21,-11.870451,-77.013713,47947,4
1180,NUEVA AMERICA,1,160,Pdro. Los Postes,-11.867098,-77.011486,48390,4
1180,NUEVA AMERICA,1,161,Pdro. Escalera,-11.865367,-77.010573,48616,4
1180,NUEVA AMERICA,1,162,Pdro. Huascaran,-11.864280,-77.008751,48850,5
1180,NUEVA AMERICA,1,163,Pdro. Grifo,-11.862954,-77.007544,49047,4
1180,NUEVA AMERICA,1,164,Pdro. 20,-11.862136,-77.006967,49156,6
1180,NUEVA AMERICA,1,165,Pdro. Entrada San Antonio,-11.861425,-77.006658,49241,7
1180,NUEVA AMERICA,1,166,Pdro. San Antonio,-11.860552,-77.006315,49346,6
1180,NUEVA AMERICA,1,167,Pdro. Gran Cambio,-11.859643,-77.005544,49478,3
1180,NUEVA AMERICA,1,168,Pdro. Entrada Huacoy,-11.858160,-77.004268,49693,4
1180,NUEVA AMERICA,1,169,Pdro. Chimpum Callao,-11.856035,-77.003763,49937,7
1180,NUEVA AMERICA,1,170,Pdro. Entrada,-11.854526,-77.003443,50106,3
1180,NUEVA AMERICA,1,171,Pdro. Parque El Rey,-11.853372,-77.003158,50238,3
1180,NUEVA AMERICA,1,172,Pdro. Moto Roja,-11.852809,-77.002914,50306,6
1180,NUEVA AMERICA,1,173,Pdro. Moto Celeste,-11.851592,-77.002462,50449,2
1180,NUEVA AMERICA,1,174,Pdro. Moto Celeste,-11.851558,-77.002424,50454,5
1180,NUEVA AMERICA,1,175,Pdro. Inicial Torreblanca,-11.850217,-77.002510,50604,27
1180,NUEVA AMERICA,1,176,"TERMINAL 20A, 140",-11.849880,-77.003660,50642,152
1180,NUEVA AMERICA,1,177,Pdro. Techo Propio,-11.849419,-77.002194,50693,4
1180,NUEVA AMERICA,1,178,Pdro. Techo Propio,-11.849385,-77.002174,50697,6
1180,NUEVA AMERICA,1,179,Pdro. Torre Blanca,-11.846807,-77.001169,50910,104
1180,NUEVA AMERICA,1,180,Pdro. Torre Blanca,-11.846733,-77.001188,50910,111
1180,NUEVA AMERICA,1,181,Prdo.Final o Av.03,-11.845695,-77.000757,50910,235
1435SX,AERODIRECTO NORTE,0,1,Aeropuerto - Embarque,-12.033040,-77.114861,2,5
1435SX,AERODIRECTO NORTE,0,2,Quilca,-12.038589,-77.099036,5239,12
1435SX,AERODIRECTO NORTE,0,3,Aduanas,-12.023465,-77.105257,7071,5
1435SX,AERODIRECTO NORTE,0,4,Bertello,-11.997272,-77.112977,10420,10
1435SX,AERODIRECTO NORTE,0,5,Dominicos,-11.991311,-77.107340,11320,3
1435SX,AERODIRECTO NORTE,0,6,Los Olivos,-11.984200,-77.099380,12494,2
1435SX,AERODIRECTO NORTE,0,7,Ov. Canta Callao,-11.974469,-77.088262,14119,10
1435SX,AERODIRECTO NORTE,0,8,Ov. Huandoy,-11.976584,-77.083807,14694,6
1435SX,AERODIRECTO NORTE,0,9,Universitaria,-11.977916,-77.077999,15343,6
1435SX,AERODIRECTO NORTE,0,10,Palmeras,-11.978538,-77.071855,16021,6
1435SX,AERODIRECTO NORTE,0,11,Tupac Amaru,-11.976809,-77.060628,17323,4
1435SX,AERODIRECTO NORTE,1,1,Tupac Amaru,-11.976654,-77.060559,1,1
1435SX,AERODIRECTO NORTE,1,2,Palmeras,-11.978341,-77.071849,1307,3
1435SX,AERODIRECTO NORTE,1,3,Universitaria,-11.978058,-77.076326,1803,7
1435SX,AERODIRECTO NORTE,1,4,Ov. Huandoy,-11.976634,-77.082632,2508,5
1435SX,AERODIRECTO NORTE,1,5,Canta Callao,-11.977572,-77.092901,3984,0
1435SX,AERODIRECTO NORTE,1,6,Los Olivos,-11.983422,-77.099430,4945,2
1435SX,AERODIRECTO NORTE,1,7,Dominicos,-11.990242,-77.107031,6064,9
1435SX,AERODIRECTO NORTE,1,8,Bertello,-11.996155,-77.112416,6943,4
1435SX,AERODIRECTO NORTE,1,9,Aduanas,-12.024508,-77.105164,10602,4
1435SX,AERODIRECTO NORTE,1,10,Monark,-12.032718,-77.100766,11632,7
1435SX,AERODIRECTO NORTE,1,11,Aeropuerto,-12.032919,-77.113787,14880,86
1185,ETUCHISA,0,1,Paradero V.E.S,-12.234929,-76.912630,0,103
1185,ETUCHISA,0,2,Paradero Los Chinos,-12.235500,-76.911900,15,5
1185,ETUCHISA,0,3,Grifo Chepen,-12.238662,-76.912631,377,2
1185,ETUCHISA,0,4,Chepen C/Sep,-12.238448,-76.913701,519,2
1185,ETUCHISA,0,5,Separadora Ind.,-12.238053,-76.914656,632,2
1185,ETUCHISA,0,6,Av. Lomas c/Sep,-12.237120,-76.915304,760,3
1185,ETUCHISA,0,7,Pollería Sep,-12.235847,-76.916045,922,1
1185,ETUCHISA,0,8,Cuzco,-12.234358,-76.916930,1112,0
1185,ETUCHISA,0,9,Ov. Chama,-12.233251,-76.917586,1254,3
1185,ETUCHISA,0,10,Pje.Mercado Sep,-12.231117,-76.918860,1534,3
1185,ETUCHISA,0,11,Cubanos,-12.229351,-76.919917,1760,2
1185,ETUCHISA,0,12,Pje. Suizo,-12.227436,-76.921059,2006,1
1185,ETUCHISA,0,13,200 Millas,-12.225715,-76.922076,2226,2
1185,ETUCHISA,0,14,Enmanuel,-12.222992,-76.923716,2576,1
1185,ETUCHISA,0,15,77,-12.221365,-76.924695,2785,1
1185,ETUCHISA,0,16,Ferretería Sep,-12.219875,-76.925577,2975,1
1185,ETUCHISA,0,17,Sep c/Mariátegui,-12.218136,-76.926611,3198,2
1185,ETUCHISA,0,18,Mariátegui,-12.219167,-76.929639,3606,4
1185,ETUCHISA,0,19,Mariátegui C/Rev,-12.220635,-76.932133,3922,2
1185,ETUCHISA,0,20,3 de Octubre,-12.218423,-76.933605,4230,0
1185,ETUCHISA,0,21,Bolívar,-12.215986,-76.935072,4543,0
1185,ETUCHISA,0,22,Vallejo,-12.213611,-76.936503,4848,1
1185,ETUCHISA,0,23,Muni VES,-12.213077,-76.936809,4916,1
1185,ETUCHISA,0,24,15,-12.210932,-76.938104,5192,3
1185,ETUCHISA,0,25,Ov. de la Mujer,-12.208509,-76.939569,5504,1
1185,ETUCHISA,0,26,Velazco,-12.207974,-76.939882,5585,1
1185,ETUCHISA,0,27,Reniec VES,-12.205781,-76.941218,5868,1
1185,ETUCHISA,0,28,Villa del Mar,-12.203403,-76.942632,6172,2
1185,ETUCHISA,0,29,Av. El Sol,-12.200972,-76.944111,6485,1
1185,ETUCHISA,0,30,Los Ángeles,-12.198155,-76.945772,6845,2
1185,ETUCHISA,0,31,Pacto Andino,-12.195755,-76.947237,7155,1
1185,ETUCHISA,0,32,1ro de Mayo,-12.193544,-76.948548,7438,1
1185,ETUCHISA,0,33,Paradita,-12.191970,-76.946529,7761,4
1185,ETUCHISA,0,34,Teléfonos,-12.190554,-76.944100,8068,3
1185,ETUCHISA,0,35,Sedapal Villa,-12.187721,-76.945197,8438,2
1185,ETUCHISA,0,36,Entrada Villa,-12.182296,-76.942252,9365,6
1185,ETUCHISA,0,37,Real Plaza VMT,-12.181040,-76.942973,9525,9
1185,ETUCHISA,0,38,Curva Esperanza,-12.180667,-76.943250,9576,4
1185,ETUCHISA,0,39,Posta Aliaga,-12.178148,-76.944777,9903,4
1185,ETUCHISA,0,40,Coca Cola,-12.176713,-76.945546,10082,4
1185,ETUCHISA,0,41,Ícaros,-12.175605,-76.946195,10223,4
1185,ETUCHISA,0,42,30 de pesquero,-12.174686,-76.946802,10345,3
1185,ETUCHISA,0,43,Pesquero,-12.173358,-76.947773,10525,0
1185,ETUCHISA,0,44,Esq.Pesquero,-12.172568,-76.948275,10628,3
1185,ETUCHISA,0,45,Pdero Pesquero,-12.172030,-76.948567,10696,4
1185,ETUCHISA,0,46,Estación VMT,-12.168380,-76.950634,11158,3
1185,ETUCHISA,0,47,Elektra,-12.166966,-76.951608,11347,3
1185,ETUCHISA,0,48,Villa Jardin,-12.164054,-76.953819,11749,4
1185,ETUCHISA,0,49,Pte. Jardin,-12.162497,-76.955021,11965,4
1185,ETUCHISA,0,50,Estación Ma.Aux,-12.160107,-76.957035,12308,2
1185,ETUCHISA,0,51,Hosp. Ma.Aux,-12.159254,-76.958516,12495,4
1185,ETUCHISA,0,52,Pte. Blanco,-12.158100,-76.961350,12829,5
1185,ETUCHISA,0,53,Estación Sn Juan,-12.156481,-76.965300,13295,4
1185,ETUCHISA,0,54,Sedapal Sn Juan,-12.155192,-76.968510,13672,4
1185,ETUCHISA,0,55,Ciudad,-12.153977,-76.971443,14019,10
1185,ETUCHISA,0,56,Ciudad 2,-12.153779,-76.971899,14073,12
1185,ETUCHISA,0,57,Pozo,-12.152518,-76.975121,14451,4
1185,ETUCHISA,0,58,CineStar,-12.151947,-76.976503,14615,5
1185,ETUCHISA,0,59,Est.Atocongo,-12.150867,-76.979021,14914,6
1185,ETUCHISA,0,60,Metro Atocongo,-12.150291,-76.980377,15074,5
1185,ETUCHISA,0,61,Tottus Atocongo,-12.145530,-76.981798,15728,9
1185,ETUCHISA,0,62,Ricardo Palma,-12.135558,-76.979741,16857,13
1185,ETUCHISA,0,63,Benavides,-12.131358,-76.978123,17354,10
1185,ETUCHISA,0,64,Prosegur,-12.127784,-76.976850,17771,11
1185,ETUCHISA,0,65,Pedagógico,-12.122656,-76.976912,18336,10
1185,ETUCHISA,0,66,Vivanco,-12.119420,-76.977018,18694,9
1185,ETUCHISA,0,67,Primavera 1,-12.111626,-76.977881,19561,12
1185,ETUCHISA,0,68,Primavera 2,-12.110773,-76.978014,19656,10
1185,ETUCHISA,0,69,Pentagonito,-12.102834,-76.979120,20542,8
1185,ETUCHISA,0,70,Pta. Del Centro,-12.093389,-76.980382,21595,11
1185,ETUCHISA,0,71,J.Prado,-12.084084,-76.981130,22701,10
1185,ETUCHISA,0,72,J.Prado2,-12.083455,-76.980450,22802,10
1185,ETUCHISA,0,73,Los Quechuas,-12.076018,-76.974958,23831,7
1185,ETUCHISA,0,74,Las Palmeras,-12.073805,-76.973998,24097,10
1185,ETUCHISA,0,75,Sta. Rosa,-12.065116,-76.971105,25112,10
1185,ETUCHISA,0,76,Sta.Rosa2,-12.064231,-76.971157,25209,8
1185,ETUCHISA,0,77,Sta.Anita,-12.059826,-76.972496,25717,14
1185,ETUCHISA,0,78,Sta.Anita2,-12.058996,-76.972873,25818,12
1185,ETUCHISA,0,79,Pte. Los Pinos,-12.054097,-76.975028,26408,10
1185,ETUCHISA,0,80,Pte. Azul,-12.050525,-76.977274,26872,8
1185,ETUCHISA,0,81,Perales,-12.047683,-76.980475,27341,8
1185,ETUCHISA,0,82,Lobaton,-12.046205,-76.982151,27586,9
1185,ETUCHISA,0,83,Nocheto,-12.044015,-76.984634,27949,9
1185,ETUCHISA,0,84,Tekno,-12.041427,-76.987010,28340,10
1185,ETUCHISA,0,85,Atarjea,-12.033557,-76.990095,29278,11
1185,ETUCHISA,0,86,Pte. Priale,-12.029913,-76.994151,29877,12
1185,ETUCHISA,0,87,Pte. Nuevo 1,-12.029200,-76.998513,30373,5
1185,ETUCHISA,0,88,Pte. Nuevo 2,-12.029472,-76.999369,30471,9
1185,ETUCHISA,0,89,Mdo. Las Flores,-12.040223,-77.016784,32728,3
1185,ETUCHISA,0,90,Acho atrás,-12.042582,-77.021669,33322,7
1185,ETUCHISA,0,91,Acho punta,-12.042855,-77.022499,33418,8
1185,ETUCHISA,0,92,Pte. Trujillo,-12.041368,-77.032596,34567,11
1185,ETUCHISA,0,93,Castilla,-12.037761,-77.039080,35385,7
1185,ETUCHISA,0,94,antes de Caquetá,-12.036882,-77.042126,35730,5
1185,ETUCHISA,0,95,Caquetá,-12.036352,-77.043578,35899,15
1185,ETUCHISA,0,96,Pte. Control,-12.033270,-77.053280,37015,13
1185,ETUCHISA,0,97,Habich,-12.030028,-77.056889,37561,16
1185,ETUCHISA,0,98,Cayetano Heredia,-12.025927,-77.058300,38053,12
1185,ETUCHISA,0,99,Grifo Palao,-12.023162,-77.058723,38362,16
1185,ETUCHISA,0,100,1ra Palao,-12.018972,-77.059450,38832,6
1185,ETUCHISA,0,101,2da Palao,-12.016784,-77.059728,39076,12
1185,ETUCHISA,0,102,Britanico,-12.014125,-77.060217,39375,4
1185,ETUCHISA,0,103,Fiori,-12.009222,-77.060874,39921,14
1185,ETUCHISA,0,104,Plaza Norte,-12.006999,-77.061299,40174,23
1185,ETUCHISA,0,105,Pilas,-12.003069,-77.061804,40612,19
1185,ETUCHISA,0,106,Senati,-11.998792,-77.062622,41093,5
1185,ETUCHISA,0,107,Megaplaza,-11.994797,-77.063089,41538,21
1185,ETUCHISA,0,108,Izaguirre,-11.990641,-77.063695,42004,39
1185,ETUCHISA,0,109,PlazaVea Izag,-11.989471,-77.063764,42133,47
1185,ETUCHISA,0,110,Purina,-11.982362,-77.065183,42932,5
1185,ETUCHISA,0,111,Caseta,-11.970847,-77.066993,44221,3
1185,ETUCHISA,0,112,Villa Infantas,-11.968762,-77.067231,44453,13
1185,ETUCHISA,0,113,3 Postes,-11.966697,-77.067597,44685,8
1185,ETUCHISA,0,114,VillaSol,-11.959432,-77.068787,45499,1
1185,ETUCHISA,0,115,Yanbal,-11.957078,-77.069150,45762,2
1185,ETUCHISA,0,116,U Vallejo,-11.954872,-77.069495,46009,2
1185,ETUCHISA,0,117,Sta. Luisa,-11.953438,-77.069687,46169,6
1185,ETUCHISA,0,118,RealPlaza Pro 1,-11.940995,-77.071323,47557,3
1185,ETUCHISA,0,119,RealPlaza Pro 2,-11.940645,-77.071337,47596,5
1185,ETUCHISA,0,120,1ra Pro,-11.937591,-77.072467,48026,2
1185,ETUCHISA,0,121,Proceres c/Hone,-11.937738,-77.074181,48213,3
1185,ETUCHISA,0,122,Proceres c/Cord,-11.938939,-77.077164,48572,4
1185,ETUCHISA,0,123,Honradez,-11.937943,-77.078724,48794,1
1185,ETUCHISA,0,124,Grifo Chillón,-11.936361,-77.081583,49154,1
1185,ETUCHISA,0,125,Pque. Chillón,-11.936237,-77.083975,49439,4
1185,ETUCHISA,0,126,Las Piscinas,-11.938009,-77.087472,49913,2
1185,ETUCHISA,0,127,Alborada,-11.937212,-77.089224,50126,1
1185,ETUCHISA,0,128,Fábrica Gas,-11.936556,-77.090193,50254,3
1185,ETUCHISA,0,129,Curva Ense,-11.936016,-77.092083,50502,2
1185,ETUCHISA,0,130,comisaría Ense,-11.936361,-77.094083,50817,1
1185,ETUCHISA,0,131,Botica Ense,-11.935278,-77.095444,51007,0
1185,ETUCHISA,0,132,Paradero Ensenada,-11.935126,-77.096486,51069,89
1185,ETUCHISA,0,133,Grifo 70,-11.934427,-77.095900,51103,12
1185,ETUCHISA,1,1,Paradero Ensenada,-11.934880,-77.096633,0,70
1185,ETUCHISA,1,2,Grifo 70,-11.934456,-77.095968,35,1
1185,ETUCHISA,1,3,Botica,-11.935126,-77.095747,112,7
1185,ETUCHISA,1,4,Comisaría Ense,-11.936339,-77.094311,316,3
1185,ETUCHISA,1,5,Cautivo,-11.936939,-77.093582,420,5
1185,ETUCHISA,1,6,Rosedal,-11.936643,-77.093001,504,3
1185,ETUCHISA,1,7,Curva,-11.936490,-77.091650,730,8
1185,ETUCHISA,1,8,Violetas,-11.936729,-77.090042,933,3
1185,ETUCHISA,1,9,Alborada,-11.937087,-77.089485,1005,3
1185,ETUCHISA,1,10,Las Piscinas,-11.938083,-77.087389,1260,3
1185,ETUCHISA,1,11,Pque. Chillón,-11.936343,-77.083874,1734,5
1185,ETUCHISA,1,12,Grifo Chillón,-11.936487,-77.081995,1983,12
1185,ETUCHISA,1,13,Pje.Mcdo. Cord,-11.937147,-77.080239,2189,8
1185,ETUCHISA,1,14,Honradez,-11.937947,-77.079085,2344,6
1185,ETUCHISA,1,15,Semáforo Cord,-11.939080,-77.077626,2547,8
1185,ETUCHISA,1,16,Próceres c/Cord,-11.939142,-77.077046,2623,3
1185,ETUCHISA,1,17,1ra Pro,-11.937864,-77.073125,3090,5
1185,ETUCHISA,1,18,1ra Pro semáforo,-11.937800,-77.072290,3181,6
1185,ETUCHISA,1,19,RealPlaza Pro,-11.939209,-77.071769,3401,12
1185,ETUCHISA,1,20,Pte. San Martín,-11.949191,-77.070629,4511,11
1185,ETUCHISA,1,21,Sta. Luisa,-11.952929,-77.069982,4930,6
1185,ETUCHISA,1,22,UCV,-11.954553,-77.069705,5112,4
1185,ETUCHISA,1,23,Yanbal,-11.956778,-77.069353,5361,3
1185,ETUCHISA,1,24,VillaSol,-11.959032,-77.069006,5613,4
1185,ETUCHISA,1,25,3 Postes,-11.965514,-77.068061,6337,7
1185,ETUCHISA,1,26,Villa Infantas,-11.969353,-77.067496,6766,13
1185,ETUCHISA,1,27,Caseta,-11.970896,-77.067181,6940,5
1185,ETUCHISA,1,28,Purina,-11.982567,-77.065420,8244,12
1185,ETUCHISA,1,29,Izaguirre,-11.989211,-77.064654,8984,32
1185,ETUCHISA,1,30,Megaplaza,-11.994528,-77.063694,9580,27
1185,ETUCHISA,1,31,Senati,-11.998594,-77.062855,10038,6
1185,ETUCHISA,1,32,Pilas,-12.003609,-77.062217,10599,18
1185,ETUCHISA,1,33,Plaza Norte,-12.006408,-77.061952,10908,17
1185,ETUCHISA,1,34,Tomás Valle,-12.008054,-77.061705,11090,22
1185,ETUCHISA,1,35,Britanico,-12.014361,-77.060389,11805,6
1185,ETUCHISA,1,36,Trebol Celima,-12.015732,-77.060175,11959,7
1185,ETUCHISA,1,37,2da Palao,-12.018648,-77.059711,12285,6
1185,ETUCHISA,1,38,1ra Palao,-12.021944,-77.059306,12651,15
1185,ETUCHISA,1,39,Cayetano Heredia,-12.025858,-77.058825,13087,32
1185,ETUCHISA,1,40,Habich,-12.030840,-77.056840,13677,19
1185,ETUCHISA,1,41,Pte. Control,-12.033392,-77.053646,14123,7
1185,ETUCHISA,1,42,Pte. Porvenir,-12.034653,-77.050625,14480,4
1185,ETUCHISA,1,43,Pte. Sta.María,-12.035651,-77.047658,14821,2
1185,ETUCHISA,1,44,Caquetá,-12.036738,-77.043727,15267,19
1185,ETUCHISA,1,45,Caquetá pnta.,-12.036862,-77.043343,15311,20
1185,ETUCHISA,1,46,Castilla,-12.037924,-77.039375,15758,7
1185,ETUCHISA,1,47,Trujillo,-12.041024,-77.033977,16447,15
1185,ETUCHISA,1,48,Acho,-12.043277,-77.022808,17713,15
1185,ETUCHISA,1,49,Acho punta,-12.043001,-77.021939,17811,10
1185,ETUCHISA,1,50,Mdo. Las Flores,-12.040559,-77.016793,18432,4
1185,ETUCHISA,1,51,Pte. Nuevo,-12.030239,-77.000469,20566,7
1185,ETUCHISA,1,52,Atarjea,-12.034313,-76.990064,21944,11
1185,ETUCHISA,1,53,Tekno,-12.042371,-76.986830,22908,12
1185,ETUCHISA,1,54,Nocheto,-12.044334,-76.984808,23215,10
1185,ETUCHISA,1,55,Lobaton,-12.045873,-76.983056,23470,10
1185,ETUCHISA,1,56,Perales,-12.047835,-76.980856,23794,11
1185,ETUCHISA,1,57,Pte. Azul,-12.050625,-76.977671,24258,8
1185,ETUCHISA,1,58,Pte. Los Pinos,-12.054358,-76.975346,24751,10
1185,ETUCHISA,1,59,Sta.Anita atrás,-12.056684,-76.974357,25029,11
1185,ETUCHISA,1,60,Sta.Anita,-12.057383,-76.974081,25112,14
1185,ETUCHISA,1,61,Sta. Rosa,-12.063908,-76.971551,25891,10
1185,ETUCHISA,1,62,Las Palmeras,-12.073810,-76.974402,27044,9
1185,ETUCHISA,1,63,Los Quechuas,-12.076157,-76.975352,27323,7
1185,ETUCHISA,1,64,J.Prado ini,-12.081707,-76.979072,28072,10
1185,ETUCHISA,1,65,J.Prado med,-12.082283,-76.979725,28167,13
1185,ETUCHISA,1,66,J.Prado pnta,-12.082854,-76.980352,28260,13
1185,ETUCHISA,1,67,Pta. Del Centro,-12.093302,-76.980817,29510,14
1185,ETUCHISA,1,68,Pentagonito,-12.103061,-76.979416,30598,9
1185,ETUCHISA,1,69,Primavera 1,-12.107905,-76.978747,31139,11
1185,ETUCHISA,1,70,Primavera 2,-12.108763,-76.978645,31234,13
1185,ETUCHISA,1,71,Vivanco,-12.119391,-76.977344,32419,8
1185,ETUCHISA,1,72,Pedagógico,-12.122615,-76.977247,32775,9
1185,ETUCHISA,1,73,Prosegur,-12.127128,-76.977112,33275,8
1185,ETUCHISA,1,74,Benavides 0,-12.130582,-76.978162,33678,7
1185,ETUCHISA,1,75,Benavides,-12.131407,-76.978489,33776,7
1185,ETUCHISA,1,76,Ricardo Palma,-12.134696,-76.979761,34165,8
1185,ETUCHISA,1,77,Flores,-12.140854,-76.981272,34865,8
1185,ETUCHISA,1,78,Tottus Atocongo,-12.145556,-76.982109,35393,8
1185,ETUCHISA,1,79,Pte. Atocongo,-12.149574,-76.983402,36267,2
1185,ETUCHISA,1,80,Atocongo,-12.150519,-76.981013,36548,5
1185,ETUCHISA,1,81,Estación Atocongo,-12.150904,-76.980152,36652,17
1185,ETUCHISA,1,82,CineStar,-12.152194,-76.976747,37049,8
1185,ETUCHISA,1,83,Pozo,-12.152748,-76.975467,37202,6
1185,ETUCHISA,1,84,Ciudad,-12.154084,-76.972249,37582,12
1185,ETUCHISA,1,85,Sedapal Sn Juan,-12.155531,-76.968640,38007,8
1185,ETUCHISA,1,86,Estación Sn Juan,-12.156742,-76.965674,38356,9
1185,ETUCHISA,1,87,Pte.Blanco,-12.158105,-76.962292,38754,10
1185,ETUCHISA,1,88,Ma. Auxiliadora,-12.159378,-76.959099,39129,10
1185,ETUCHISA,1,89,Estación Ma.Aux,-12.160202,-76.957360,39341,2
1185,ETUCHISA,1,90,Pte. Jardin,-12.162785,-76.955228,39711,4
1185,ETUCHISA,1,91,Villa Jardin,-12.164297,-76.954041,39922,3
1185,ETUCHISA,1,92,Elektra,-12.166778,-76.952139,40265,5
1185,ETUCHISA,1,93,Estación VMT,-12.168569,-76.950939,40504,5
1185,ETUCHISA,1,94,Pesquero,-12.172541,-76.948600,41013,5
1185,ETUCHISA,1,95,Termnal Pquero,-12.173499,-76.948022,41135,7
1185,ETUCHISA,1,96,30 de Pesquero,-12.174770,-76.947087,41309,2
1185,ETUCHISA,1,97,Ícaros,-12.176267,-76.946151,41503,1
1185,ETUCHISA,1,98,Posta VMT,-12.177973,-76.945129,41722,1
1185,ETUCHISA,1,99,Curva Esperanza,-12.180242,-76.943823,42010,9
1185,ETUCHISA,1,100,RealPlaza VMT,-12.180720,-76.943543,42071,10
1185,ETUCHISA,1,101,Entrada V.E.S.,-12.182372,-76.942483,42288,6
1185,ETUCHISA,1,102,Sedapal Villa,-12.187481,-76.945625,43156,3
1185,ETUCHISA,1,103,Teléfonos,-12.190407,-76.944499,43556,3
1185,ETUCHISA,1,104,1ro. Mayo,-12.191471,-76.946305,43785,1
1185,ETUCHISA,1,105,Paradita,-12.192028,-76.946306,43869,2
1185,ETUCHISA,1,106,Parroquia,-12.193228,-76.945583,44023,3
1185,ETUCHISA,1,107,Los Ángeles,-12.196490,-76.943649,44440,4
1185,ETUCHISA,1,108,Av. El Sol,-12.198917,-76.942167,44753,1
1185,ETUCHISA,1,109,Botica Diana,-12.201750,-76.940472,45117,3
1185,ETUCHISA,1,110,Arriba Perú,-12.204179,-76.938996,45429,1
1185,ETUCHISA,1,111,Velazco,-12.206585,-76.937563,45737,3
1185,ETUCHISA,1,112,Cuaves,-12.207114,-76.937246,45820,2
1185,ETUCHISA,1,113,Quince,-12.209290,-76.935935,46099,1
1185,ETUCHISA,1,114,Vallejo,-12.211722,-76.934472,46412,3
1185,ETUCHISA,1,115,Mdo.Vallejo,-12.212197,-76.934178,46473,2
1185,ETUCHISA,1,116,Bolívar,-12.214389,-76.932889,46753,3
1185,ETUCHISA,1,117,3 de Octubre,-12.216800,-76.931439,47063,3
1185,ETUCHISA,1,118,Mariátegui,-12.219180,-76.930012,47368,3
1185,ETUCHISA,1,119,Separadora Ind,-12.218427,-76.927373,47725,4
1185,ETUCHISA,1,120,Ferretería Sep.,-12.220168,-76.926100,47994,4
1185,ETUCHISA,1,121,77,-12.221891,-76.925068,48215,3
1185,ETUCHISA,1,122,Enmanuel,-12.223244,-76.924270,48388,3
1185,ETUCHISA,1,123,200 Millas,-12.225405,-76.922980,48665,5
1185,ETUCHISA,1,124,Pje. Suizo,-12.227634,-76.921644,48951,3
1185,ETUCHISA,1,125,Cubanos,-12.229417,-76.920556,49181,1
1185,ETUCHISA,1,126,Pje.Mercado Sep,-12.231306,-76.919389,49425,2
1185,ETUCHISA,1,127,Ov. Chama,-12.232999,-76.918434,49638,4
1185,ETUCHISA,1,128,Cuzco,-12.234583,-76.917472,49846,2
1185,ETUCHISA,1,129,Pollería Sep.,-12.236222,-76.916500,50056,2
1185,ETUCHISA,1,130,Botica Sep.,-12.239054,-76.914822,50418,2
1185,ETUCHISA,1,131,R29,-12.240423,-76.913835,50603,14
1185,ETUCHISA,1,132,Ov. Chepen,-12.240111,-76.912722,50767,3
1185,ETUCHISA,1,133,Grifo Chepen,-12.238883,-76.912426,50961,5
1185,ETUCHISA,1,134,Los Chinos,-12.235361,-76.911639,51369,5
1185,ETUCHISA,1,135,Paradero V.E.S.,-12.235100,-76.912202,51374,63
1481,LA 50,0,1,MERCADO MONTENEGRO,-11.936502,-76.971553,1125,23
1481,LA 50,0,2,CUATRO DE MOTUPE(CENTRAL),-11.940978,-76.974438,1996,8
1481,LA 50,0,3,SIETE DE MARISCAL,-11.946043,-76.977880,2669,3
1481,LA 50,0,4,CINCO DE MARISCAL,-11.949948,-76.980661,3197,7
1481,LA 50,0,5,CURVA DE LA CENTRAL,-11.953573,-76.983196,3683,11
1481,LA 50,0,6,CANTERAS,-11.958002,-76.983659,4237,5
1481,LA 50,0,7,MERCADO DE 1 DE SETIEMBRE,-11.960392,-76.984029,4534,1
1481,LA 50,0,8,14 LA CENTRAL,-11.966358,-76.988248,5340,1
1481,LA 50,0,9,SOCIOLOGOS,-11.969358,-76.990466,5751,1
1481,LA 50,0,10,SANTA ROSA DE LIMA,-11.970911,-76.992157,6009,0
1481,LA 50,0,11,SAN MARTIN,-11.978590,-76.991877,6897,1
1481,LA 50,0,12,LOS COCALENOS,-11.981659,-76.992611,7248,2
1481,LA 50,0,13,EL BOSQUE,-11.987724,-76.996112,8025,1
1481,LA 50,0,14,PENAL,-11.988989,-76.998667,8629,2
1481,LA 50,0,15,LOS POSTES,-11.995882,-77.000737,9460,2
1481,LA 50,0,16,LOS JARDINES,-12.002370,-76.999285,10201,2
1481,LA 50,0,17,LOS TUSILAGOS,-12.010593,-76.997097,11157,0
1481,LA 50,0,18,13 DE ENERO,-12.011652,-76.998500,11213,175
1481,LA 50,0,19,LURIGANCHO,-12.016530,-76.997275,12334,13
1481,LA 50,0,20,PIRAMIDE DEL SOL,-12.017795,-77.001602,12828,3
1481,LA 50,0,21,CHIMÚ,-12.025022,-77.002052,13674,1
1481,LA 50,0,22,PUENTE NUEVO,-12.029441,-77.000377,14198,2
1481,LA 50,0,23,LOS ALHELIES,-12.032212,-76.998981,14541,1
1481,LA 50,0,24,TOTTUS,-12.040819,-77.000619,15777,5
1481,LA 50,0,25,CEMENTERIO PRESBITERO MAESTRO,-12.042341,-77.006933,16486,2
1481,LA 50,0,26,ESTACION GRAU,-12.053960,-77.013108,18187,0
1481,LA 50,0,27,HUANUCO,-12.057399,-77.017182,18811,8
1481,LA 50,0,28,ANDAHUAYLAS,-12.058568,-77.026447,19828,9
1481,LA 50,0,29,ABANCAY,-12.059096,-77.030332,20255,12
1481,LA 50,0,30,COLON WILSON,-12.059749,-77.037430,21068,17
1481,LA 50,0,31,ALFONSO UGARTE(URUGUAY),-12.054419,-77.041765,22570,5
1481,LA 50,0,32,MANTARO,-12.055522,-77.055943,24119,12
1481,LA 50,0,33,TINGO MARIA,-12.055557,-77.057345,24273,6
1481,LA 50,0,34,DONOFRIO,-12.057645,-77.068248,25777,4
1481,LA 50,0,35,UNIVERSITARIA,-12.059150,-77.075301,26577,37
1481,LA 50,0,36,SAN MARCOS,-12.061287,-77.085796,27752,5
1481,LA 50,0,37,FAUCETT,-12.062268,-77.096707,28946,10
1481,LA 50,0,38,AZTETE,-12.063032,-77.103809,29724,5
1481,LA 50,0,39,BOYA,-12.063173,-77.108050,30185,15
1481,LA 50,0,40,OVALO LA PERLA,-12.065072,-77.118053,31294,3
1481,LA 50,0,41,SABOGAL,-12.065271,-77.122115,31801,3
1481,LA 50,0,42,BELLAVISTA,-12.061908,-77.128815,32662,1
1481,LA 50,0,43,SALOM,-12.061563,-77.139488,33876,109
1481,LA 50,0,44,JR COLON,-12.062078,-77.142704,34368,6
1481,LA 50,0,45,OBELISCO,-12.051764,-77.134723,36124,11
1481,LA 50,0,46,CENTENARIO,-12.051031,-77.126648,37040,7
1481,LA 50,0,47,MINKA,-12.049684,-77.111802,38683,3
1481,LA 50,0,48,DULANTO,-12.042118,-77.105789,40235,28
1481,LA 50,1,1,MINKA,-12.049584,-77.111840,2116,2
1481,LA 50,1,2,UNIVERSIDAD CESAR VALLEJO,-12.050689,-77.124064,3452,6
1481,LA 50,1,3,OVALO CENTENARIO,-12.050888,-77.127744,3875,9
1481,LA 50,1,4,OBELISCO,-12.051580,-77.135197,4718,1
1481,LA 50,1,5,SAENZ PEÑA,-12.060879,-77.143119,6302,4
1481,LA 50,1,6,SALOM,-12.062727,-77.139418,6970,2
1481,LA 50,1,7,VILLAR,-12.062088,-77.136967,7246,2
1481,LA 50,1,8,BELLAVISTA(PANADERIA),-12.062742,-77.129368,8118,7
1481,LA 50,1,9,SABOGAL,-12.065223,-77.122599,8905,1
1481,LA 50,1,10,OVALO LA PERLA,-12.065234,-77.118013,9459,6
1481,LA 50,1,11,TECHI,-12.064039,-77.111132,10219,6
1481,LA 50,1,12,POSTE BLANCO,-12.063339,-77.103822,11023,10
1481,LA 50,1,13,FAUCETT,-12.062427,-77.096242,11854,5
1481,LA 50,1,14,SAN MARCOS,-12.061383,-77.085824,12994,5
1481,LA 50,1,15,UNIVERSITARIA,-12.060541,-77.079734,13666,7
1481,LA 50,1,16,DONOFRIO,-12.057912,-77.068295,15391,464
1481,LA 50,1,17,TINGO MARIA,-12.055852,-77.057782,17192,24
1481,LA 50,1,18,NAPO,-12.057055,-77.052426,17810,308
1481,LA 50,1,19,ALFONSO UGARTE,-12.056277,-77.042106,19257,8
1481,LA 50,1,20,BOLOGNESI,-12.059674,-77.041699,19637,0
1481,LA 50,1,21,COLON WILSON,-12.060019,-77.036765,20359,7
1481,LA 50,1,22,ABANCAY,-12.059169,-77.030053,21116,10
1481,LA 50,1,23,ANDAHUAYLAS,-12.058696,-77.026501,21506,12
1481,LA 50,1,24,AVIACION,-12.056827,-77.014972,22786,11
1481,LA 50,1,25,ESTACIÓN GRAU,-12.055446,-77.013650,23370,1
1481,LA 50,1,26,DESAGUADERO,-12.050050,-77.012842,24073,2
1481,LA 50,1,27,ANCASH,-12.045242,-77.012337,24608,2
1481,LA 50,1,28,CEMENTERIO EL ANGEL,-12.041976,-77.005380,25498,7
1481,LA 50,1,29,OVALO LA PAZ,-12.040520,-76.998361,26281,2
1481,LA 50,1,30,1ERO DE MAYO,-12.031108,-76.999236,27446,8
1481,LA 50,1,31,CAJAMARQUILLA,-12.023095,-77.000822,28357,1
1481,LA 50,1,32,LAS AGUILAS,-12.014951,-76.996988,29616,7
1481,LA 50,1,33,LAS PLATAS ROJAS,-12.007375,-76.997221,30614,1
1481,LA 50,1,34,JARDINES,-12.002955,-76.998832,31133,4
1481,LA 50,1,35,MERCADO VENCEDORES,-11.998560,-77.000396,31650,5
1481,LA 50,1,36,PENAL,-11.989861,-76.999197,32654,3
1481,LA 50,1,37,SUNAT,-11.982592,-76.992938,33975,8
1481,LA 50,1,38,SAN MARTIN,-11.979331,-76.991843,34356,2
1481,LA 50,1,39,CENTRAL,-11.971291,-76.992213,35258,1
1481,LA 50,1,40,BAYOBAR,-11.960922,-76.984163,36731,0
1481,LA 50,1,41,MERCADO 1 DE SETIEMBRE,-11.960485,-76.983815,36787,11
1481,LA 50,1,42,CANTERAS,-11.958360,-76.983648,37054,6
1481,LA 50,1,43,CURVA DE LA CENTRAL,-11.955983,-76.982200,37360,8
1481,LA 50,1,44,5 DE MARISCAL,-11.950655,-76.980840,38051,8
1481,LA 50,1,45,7 DE MARISCAL,-11.946507,-76.977967,38606,5
1481,LA 50,1,46,4 DE MOTUPE,-11.941329,-76.974356,39301,10
1481,LA 50,1,47,POSTA DE MONTENEGRO,-11.936975,-76.971192,40061,1
1481,LA 50,1,48,JICAMARCA,-11.934690,-76.969623,40366,1
