Código,Empresa,Ruta,Sentido,Franja horaria,Longitud (km),Tiempo de recorrido (min),Velocidad comercial (km/h),Origen del dato,Viajes GPS (muestra),Observaciones,Tiempo real según empresa (min)
1132,E.T. y Servicios Multiples Satelite S.A.,URBANITO,IDA,00:00-06:00,9.9,48,12.4,ESTIMADO,,sin viajes GPS en la franja; velocidad global de la ruta +40 %,
1132,E.T. y Servicios Multiples Satelite S.A.,URBANITO,IDA,06:00-09:00,9.9,61,9.7,GPS flota jul-2026,50,mediana de 50 viajes L-V; rango tipico 53-78 min,
1132,E.T. y Servicios Multiples Satelite S.A.,URBANITO,IDA,09:00-14:00,9.9,67,8.9,GPS flota jul-2026,106,mediana de 106 viajes L-V; rango tipico 61-73 min,
1132,E.T. y Servicios Multiples Satelite S.A.,URBANITO,IDA,14:00-17:00,9.9,71,8.4,GPS flota jul-2026,45,mediana de 45 viajes L-V; rango tipico 66-76 min,
1132,E.T. y Servicios Multiples Satelite S.A.,URBANITO,IDA,17:00-21:00,9.9,77,7.7,GPS flota jul-2026,21,mediana de 21 viajes L-V; rango tipico 69-83 min,
1132,E.T. y Servicios Multiples Satelite S.A.,URBANITO,IDA,21:00-24:00,9.9,67,8.9,ESTIMADO,,sin viajes GPS en la franja; mediana global de la ruta,
1132,E.T. y Servicios Multiples Satelite S.A.,URBANITO,RETORNO,00:00-06:00,9.2,44,12.5,ESTIMADO,,sin viajes GPS en la franja; velocidad global de la ruta +40 %,
1132,E.T. y Servicios Multiples Satelite S.A.,URBANITO,RETORNO,06:00-09:00,9.2,48,11.5,GPS flota jul-2026,21,mediana de 21 viajes L-V; rango tipico 45-55 min,
1132,E.T. y Servicios Multiples Satelite S.A.,URBANITO,RETORNO,09:00-14:00,9.2,58,9.6,GPS flota jul-2026,118,mediana de 118 viajes L-V; rango tipico 46-72 min,
1132,E.T. y Servicios Multiples Satelite S.A.,URBANITO,RETORNO,14:00-17:00,9.2,71,7.8,GPS flota jul-2026,57,mediana de 57 viajes L-V; rango tipico 63-79 min,
1132,E.T. y Servicios Multiples Satelite S.A.,URBANITO,RETORNO,17:00-21:00,9.2,89,6.2,GPS flota jul-2026,26,mediana de 26 viajes L-V; rango tipico 85-95 min,
1132,E.T. y Servicios Multiples Satelite S.A.,URBANITO,RETORNO,21:00-24:00,9.2,62,8.9,ESTIMADO,,sin viajes GPS en la franja; mediana global de la ruta,
1132-SX,E.T. y Servicios Multiples Satelite S.A.,AERODIRECTO CENTRO,IDA,00:00-06:00,13.5,27,30.0,GPS flota jul-2026,22,mediana de 22 viajes L-V; rango tipico 24-34 min,
1132-SX,E.T. y Servicios Multiples Satelite S.A.,AERODIRECTO CENTRO,IDA,06:00-09:00,13.5,46,17.6,GPS flota jul-2026,65,mediana de 65 viajes L-V; rango tipico 40-57 min,
1132-SX,E.T. y Servicios Multiples Satelite S.A.,AERODIRECTO CENTRO,IDA,09:00-14:00,13.5,47,17.2,GPS flota jul-2026,118,mediana de 118 viajes L-V; rango tipico 41-54 min,
1132-SX,E.T. y Servicios Multiples Satelite S.A.,AERODIRECTO CENTRO,IDA,14:00-17:00,13.5,47,17.2,GPS flota jul-2026,77,mediana de 77 viajes L-V; rango tipico 41-60 min,
1132-SX,E.T. y Servicios Multiples Satelite S.A.,AERODIRECTO CENTRO,IDA,17:00-21:00,13.5,55,14.7,GPS flota jul-2026,78,mediana de 78 viajes L-V; rango tipico 46-69 min,
1132-SX,E.T. y Servicios Multiples Satelite S.A.,AERODIRECTO CENTRO,IDA,21:00-24:00,13.5,41,19.7,GPS flota jul-2026,40,mediana de 40 viajes L-V; rango tipico 34-45 min,
1132-SX,E.T. y Servicios Multiples Satelite S.A.,AERODIRECTO CENTRO,RETORNO,00:00-06:00,12.4,32,23.2,GPS flota jul-2026,39,mediana de 39 viajes L-V; rango tipico 24-36 min,
1132-SX,E.T. y Servicios Multiples Satelite S.A.,AERODIRECTO CENTRO,RETORNO,06:00-09:00,12.4,39,19.1,GPS flota jul-2026,71,mediana de 71 viajes L-V; rango tipico 35-45 min,
1132-SX,E.T. y Servicios Multiples Satelite S.A.,AERODIRECTO CENTRO,RETORNO,09:00-14:00,12.4,41,18.1,GPS flota jul-2026,123,mediana de 123 viajes L-V; rango tipico 36-47 min,
1132-SX,E.T. y Servicios Multiples Satelite S.A.,AERODIRECTO CENTRO,RETORNO,14:00-17:00,12.4,40,18.6,GPS flota jul-2026,68,mediana de 68 viajes L-V; rango tipico 35-49 min,
1132-SX,E.T. y Servicios Multiples Satelite S.A.,AERODIRECTO CENTRO,RETORNO,17:00-21:00,12.4,41,18.1,GPS flota jul-2026,69,mediana de 69 viajes L-V; rango tipico 37-48 min,
1132-SX,E.T. y Servicios Multiples Satelite S.A.,AERODIRECTO CENTRO,RETORNO,21:00-24:00,12.4,34,21.9,GPS flota jul-2026,27,mediana de 27 viajes L-V; rango tipico 32-42 min,
1180,E.T. y Servicios Nueva America S.A.,NUEVA AMERICA,IDA,00:00-06:00,49.5,135,22,ESTIMADO,,velocidad comercial de referencia 22 km/h; sin GPS de esta ruta,
1180,E.T. y Servicios Nueva America S.A.,NUEVA AMERICA,IDA,06:00-09:00,49.5,228,13,ESTIMADO,,velocidad comercial de referencia 13 km/h; sin GPS de esta ruta,
1180,E.T. y Servicios Nueva America S.A.,NUEVA AMERICA,IDA,09:00-14:00,49.5,212,14,ESTIMADO,,velocidad comercial de referencia 14 km/h; sin GPS de esta ruta,
1180,E.T. y Servicios Nueva America S.A.,NUEVA AMERICA,IDA,14:00-17:00,49.5,228,13,ESTIMADO,,velocidad comercial de referencia 13 km/h; sin GPS de esta ruta,
1180,E.T. y Servicios Nueva America S.A.,NUEVA AMERICA,IDA,17:00-21:00,49.5,270,11,ESTIMADO,,velocidad comercial de referencia 11 km/h; sin GPS de esta ruta,
1180,E.T. y Servicios Nueva America S.A.,NUEVA AMERICA,IDA,21:00-24:00,49.5,175,17,ESTIMADO,,velocidad comercial de referencia 17 km/h; sin GPS de esta ruta,
1180,E.T. y Servicios Nueva America S.A.,NUEVA AMERICA,RETORNO,00:00-06:00,51.3,140,22,ESTIMADO,,velocidad comercial de referencia 22 km/h; sin GPS de esta ruta,
1180,E.T. y Servicios Nueva America S.A.,NUEVA AMERICA,RETORNO,06:00-09:00,51.3,237,13,ESTIMADO,,velocidad comercial de referencia 13 km/h; sin GPS de esta ruta,
1180,E.T. y Servicios Nueva America S.A.,NUEVA AMERICA,RETORNO,09:00-14:00,51.3,220,14,ESTIMADO,,velocidad comercial de referencia 14 km/h; sin GPS de esta ruta,
1180,E.T. y Servicios Nueva America S.A.,NUEVA AMERICA,RETORNO,14:00-17:00,51.3,237,13,ESTIMADO,,velocidad comercial de referencia 13 km/h; sin GPS de esta ruta,
1180,E.T. y Servicios Nueva America S.A.,NUEVA AMERICA,RETORNO,17:00-21:00,51.3,280,11,ESTIMADO,,velocidad comercial de referencia 11 km/h; sin GPS de esta ruta,
1180,E.T. y Servicios Nueva America S.A.,NUEVA AMERICA,RETORNO,21:00-24:00,51.3,181,17,ESTIMADO,,velocidad comercial de referencia 17 km/h; sin GPS de esta ruta,
1435-SX,E.T. y Servicios Nueva America S.A.,AERODIRECTO NORTE,IDA,00:00-06:00,17.4,39,26.6,ESTIMADO,,velocidad observada en Aerodirecto Centro (mismo tipo de servicio),
1435-SX,E.T. y Servicios Nueva America S.A.,AERODIRECTO NORTE,IDA,06:00-09:00,17.4,57,18.3,ESTIMADO,,velocidad observada en Aerodirecto Centro (mismo tipo de servicio),
1435-SX,E.T. y Servicios Nueva America S.A.,AERODIRECTO NORTE,IDA,09:00-14:00,17.4,59,17.7,ESTIMADO,,velocidad observada en Aerodirecto Centro (mismo tipo de servicio),
1435-SX,E.T. y Servicios Nueva America S.A.,AERODIRECTO NORTE,IDA,14:00-17:00,17.4,58,17.9,ESTIMADO,,velocidad observada en Aerodirecto Centro (mismo tipo de servicio),
1435-SX,E.T. y Servicios Nueva America S.A.,AERODIRECTO NORTE,IDA,17:00-21:00,17.4,63,16.4,ESTIMADO,,velocidad observada en Aerodirecto Centro (mismo tipo de servicio),
1435-SX,E.T. y Servicios Nueva America S.A.,AERODIRECTO NORTE,IDA,21:00-24:00,17.4,50,20.8,ESTIMADO,,velocidad observada en Aerodirecto Centro (mismo tipo de servicio),
1435-SX,E.T. y Servicios Nueva America S.A.,AERODIRECTO NORTE,RETORNO,00:00-06:00,14.9,34,26.6,ESTIMADO,,velocidad observada en Aerodirecto Centro (mismo tipo de servicio),
1435-SX,E.T. y Servicios Nueva America S.A.,AERODIRECTO NORTE,RETORNO,06:00-09:00,14.9,49,18.3,ESTIMADO,,velocidad observada en Aerodirecto Centro (mismo tipo de servicio),
1435-SX,E.T. y Servicios Nueva America S.A.,AERODIRECTO NORTE,RETORNO,09:00-14:00,14.9,51,17.7,ESTIMADO,,velocidad observada en Aerodirecto Centro (mismo tipo de servicio),
1435-SX,E.T. y Servicios Nueva America S.A.,AERODIRECTO NORTE,RETORNO,14:00-17:00,14.9,50,17.9,ESTIMADO,,velocidad observada en Aerodirecto Centro (mismo tipo de servicio),
1435-SX,E.T. y Servicios Nueva America S.A.,AERODIRECTO NORTE,RETORNO,17:00-21:00,14.9,54,16.4,ESTIMADO,,velocidad observada en Aerodirecto Centro (mismo tipo de servicio),
1435-SX,E.T. y Servicios Nueva America S.A.,AERODIRECTO NORTE,RETORNO,21:00-24:00,14.9,43,20.8,ESTIMADO,,velocidad observada en Aerodirecto Centro (mismo tipo de servicio),
1185,E.T. Urbanos Los Chinos S.A.,ETUCHISA,IDA,00:00-06:00,51.3,140,22,ESTIMADO,,velocidad comercial de referencia 22 km/h; sin GPS de esta ruta,
1185,E.T. Urbanos Los Chinos S.A.,ETUCHISA,IDA,06:00-09:00,51.3,237,13,ESTIMADO,,velocidad comercial de referencia 13 km/h; sin GPS de esta ruta,
1185,E.T. Urbanos Los Chinos S.A.,ETUCHISA,IDA,09:00-14:00,51.3,220,14,ESTIMADO,,velocidad comercial de referencia 14 km/h; sin GPS de esta ruta,
1185,E.T. Urbanos Los Chinos S.A.,ETUCHISA,IDA,14:00-17:00,51.3,237,13,ESTIMADO,,velocidad comercial de referencia 13 km/h; sin GPS de esta ruta,
1185,E.T. Urbanos Los Chinos S.A.,ETUCHISA,IDA,17:00-21:00,51.3,280,11,ESTIMADO,,velocidad comercial de referencia 11 km/h; sin GPS de esta ruta,
1185,E.T. Urbanos Los Chinos S.A.,ETUCHISA,IDA,21:00-24:00,51.3,181,17,ESTIMADO,,velocidad comercial de referencia 17 km/h; sin GPS de esta ruta,
1185,E.T. Urbanos Los Chinos S.A.,ETUCHISA,RETORNO,00:00-06:00,51.6,141,22,ESTIMADO,,velocidad comercial de referencia 22 km/h; sin GPS de esta ruta,
1185,E.T. Urbanos Los Chinos S.A.,ETUCHISA,RETORNO,06:00-09:00,51.6,238,13,ESTIMADO,,velocidad comercial de referencia 13 km/h; sin GPS de esta ruta,
1185,E.T. Urbanos Los Chinos S.A.,ETUCHISA,RETORNO,09:00-14:00,51.6,221,14,ESTIMADO,,velocidad comercial de referencia 14 km/h; sin GPS de esta ruta,
1185,E.T. Urbanos Los Chinos S.A.,ETUCHISA,RETORNO,14:00-17:00,51.6,238,13,ESTIMADO,,velocidad comercial de referencia 13 km/h; sin GPS de esta ruta,
1185,E.T. Urbanos Los Chinos S.A.,ETUCHISA,RETORNO,17:00-21:00,51.6,282,11,ESTIMADO,,velocidad comercial de referencia 11 km/h; sin GPS de esta ruta,
1185,E.T. Urbanos Los Chinos S.A.,ETUCHISA,RETORNO,21:00-24:00,51.6,182,17,ESTIMADO,,velocidad comercial de referencia 17 km/h; sin GPS de esta ruta,
1481,E.T. Patron San Sebastian S.A.C.,LA 50,IDA,00:00-06:00,40.3,110,22,ESTIMADO,,velocidad comercial de referencia 22 km/h; sin GPS de esta ruta,
1481,E.T. Patron San Sebastian S.A.C.,LA 50,IDA,06:00-09:00,40.3,186,13,ESTIMADO,,velocidad comercial de referencia 13 km/h; sin GPS de esta ruta,
1481,E.T. Patron San Sebastian S.A.C.,LA 50,IDA,09:00-14:00,40.3,173,14,ESTIMADO,,velocidad comercial de referencia 14 km/h; sin GPS de esta ruta,
1481,E.T. Patron San Sebastian S.A.C.,LA 50,IDA,14:00-17:00,40.3,186,13,ESTIMADO,,velocidad comercial de referencia 13 km/h; sin GPS de esta ruta,
1481,E.T. Patron San Sebastian S.A.C.,LA 50,IDA,17:00-21:00,40.3,220,11,ESTIMADO,,velocidad comercial de referencia 11 km/h; sin GPS de esta ruta,
1481,E.T. Patron San Sebastian S.A.C.,LA 50,IDA,21:00-24:00,40.3,142,17,ESTIMADO,,velocidad comercial de referencia 17 km/h; sin GPS de esta ruta,
1481,E.T. Patron San Sebastian S.A.C.,LA 50,RETORNO,00:00-06:00,41.2,112,22,ESTIMADO,,velocidad comercial de referencia 22 km/h; sin GPS de esta ruta,
1481,E.T. Patron San Sebastian S.A.C.,LA 50,RETORNO,06:00-09:00,41.2,190,13,ESTIMADO,,velocidad comercial de referencia 13 km/h; sin GPS de esta ruta,
1481,E.T. Patron San Sebastian S.A.C.,LA 50,RETORNO,09:00-14:00,41.2,177,14,ESTIMADO,,velocidad comercial de referencia 14 km/h; sin GPS de esta ruta,
1481,E.T. Patron San Sebastian S.A.C.,LA 50,RETORNO,14:00-17:00,41.2,190,13,ESTIMADO,,velocidad comercial de referencia 13 km/h; sin GPS de esta ruta,
1481,E.T. Patron San Sebastian S.A.C.,LA 50,RETORNO,17:00-21:00,41.2,225,11,ESTIMADO,,velocidad comercial de referencia 11 km/h; sin GPS de esta ruta,
1481,E.T. Patron San Sebastian S.A.C.,LA 50,RETORNO,21:00-24:00,41.2,146,17,ESTIMADO,,velocidad comercial de referencia 17 km/h; sin GPS de esta ruta,
